player,rating
ryan,416.35596423543626
tyler,422.8734771368692
will,327.54952721378686
mason,444.39629107533307
gannon,343.51695576109444
cam,352.9402827549737
rakel,376.5302857142857
emi,361.7156937142857
sean,431.614592
bry,400.07767527139856
sarah,371.23878927532724
brenna,379.60085747809524
sophs,379.60085747809524
moses,488.9700131642649
hobbs,447.2
matt,476.725699627022
