player,rating
Ryan,408.5576201401209
Tyler,417.0278943960476
Will,351.74298456264194
Mason,398.93551093805564
Gannon,404.98583066446923
Cam,390.8250116718592
Rakel,388.790272
Emi,384.5183652724736
Sean,421.46942967152637
Bry,377.17253697087165
Sarah,396.49788388966397
Brenna,398.20306891145214
Sophs,398.20306891145214
Moses,438.8527544574747
Hobbs,438.8527544574747
