player,rating
Ryan,445.6230294755556
Tyler,453.495410048
Will,306.15398000640005
Mason,402.91319439359995
Gannon,381.6707940807111
Cam,388.3495893333333
Rakel,376.696
Emi,359.7160746666667
Sean,436.1799253333333
Bry,419.1127464746667
Sarah,378.000544
Brenna,379.81383744
Sophs,379.81383744
Moses,447.2
Hobbs,447.2
